สถานที่และสถาปัตยกรรม,อารมณ์และความรู้สึก,สัตว์และสิ่งมีชีวิต,อาหารและเครื่องดื่ม,อาชีพและตำแหน่ง,วัตถุและสิ่งของ,ปรากฏการณ์ธรรมชาติ,แนวเพลงและศิลปะ,พรรณไม้และดอกไม้,สีและโทนสี
หอไอเฟล,มีความสุข,เสือโคร่ง,ผัดไทย,วิศวกร,นาฬิกาทราย,รุ้งกินน้ำ,ป๊อป,กุหลาบ,แดงชาด
วัดพระแก้ว,เศร้าโศก,สิงโต,ต้มยำกุ้ง,หมอ,ตะเกียงน้ำมัน,พายุทอร์นาโด,ร็อก,มะลิ,เขียวมรกต
โคลอสเซียม,โกรธแค้น,ช้าง,ส้มตำ,พยาบาล,กล้องยาสูบ,หิมะตก,แจ๊ส,กล้วยไม้,ฟ้าคราม
กำแพงเมืองจีน,ตื่นเต้น,ม้า,แกงเขียวหวาน,ครู,ดาบซามูไร,สุริยุปราคา,คลาสสิก,บัวหลวง,เหลืองทอง
มหาวิหารนอเทรอดาม,ประหม่า,สุนัข,ข้าวมันไก่,ทนายความ,แจกันเซรามิก,จันทรุปราคา,ฮิปฮอป,ทานตะวัน,ชมพูกลีบบัว
พีระมิดกิซ่า,ร่าเริง,แมว,ผัดซีอิ๊ว,สถาปนิก,กุญแจโบราณ,ฟ้าร้อง,บลูส์,ลีลาวดี,ส้มอิฐ
ทัชมาฮาล,เงียบเหงา,นกอินทรี,ข้าวผัด,บัญชี,หีบสมบัติ,ฟ้าผ่า,คันทรี,ชบา,ม่วงคราม
น้ำตกไนแอการา,ปลื้มปีติ,หมี,สเต็ก,นักบิน,เข็มทิศ,ลูกเห็บ,เร็กเก้,อัญชัน,เทาอ่อน
แกรนด์แคนยอน,หวาดกลัว,ลิง,ซูชิ,แอร์โฮสเตส,ตราประทับ,ลมพัด,เมทัล,ราชพฤกษ์,ดำสนิท
ภูเขาไฟฟูจิ,สงสัย,จระเข้,ราเมน,ตำรวจ,ลูกคิด,ฝนตกหนัก,อาร์แอนด์บี,ทองกวาว,ขาวมุก
ปราสาทโอซาก้า,ลุ่มหลง,เพนกวิน,พิซซ่า,ทหาร,พัดขนนก,เมฆหมอก,พังค์,กัลปพฤกษ์,น้ำตาลไหม้
หอเอนเมืองปิซ่า,รังเกียจ,ยีราฟ,พาสต้า,จิตแพทย์,โคมไฟ,แสงเหนือ,อิเล็กทรอนิกส์,นางพญาเสือโคร่ง,เขียวขี้ม้า
มหาวิหารเซนต์บาซิล,สับสน,ม้าลาย,เบอร์เกอร์,เภสัชกร,ลูกโลก,คลื่นยักษ์,ละครเวที,อินทนิล,ฟ้าใส
ซิดนีย์โอเปร่าเฮาส์,ทะเยอทะยาน,จิงโจ้,ลาซานญ่า,เชฟ,ขวดยา,แผ่นดินไหว,ประติมากรรม,นนทรี,เหลืองอำพัน
นครวัด,โล่งใจ,อูฐ,ติ่มซำ,นักกีฬา,กล่องดนตรี,ภูเขาไฟระเบิด,ภาพพิมพ์,พิกุล,แดงเลือดหมู
มาชูปิกชู,น้อยใจ,โลมา,เป็ดปักกิ่ง,นักร้อง,กระจกเงา,น้ำค้าง,จิตรกรรมฝาผนัง,บุนนาค,ม่วงดอกอัญชัน
สโตนเฮนจ์,หวั่นเกรง,วาฬ,แกงมัสมั่น,นักแสดง,บันทึกโบราณ,หมอกควัน,กราฟฟิตี้,สารภี,ครีม
สนามกีฬาเวมบลีย์,มั่นใจ,กวาง,นาเบะ,โปรแกรมเมอร์,กาน้ำชา,คลื่นความร้อน,โมเดิร์นอาร์ต,ลำดวน,ฟ้าน้ำทะเล
พระราชวังแวร์ซาย,กังวล,กระต่าย,ยากิโซบะ,กราฟิกดีไซน์,ลูกศร,หิมะถล่ม,นีโอคลาสสิก,กันเกรา,ชมพูบานเย็น
ตึกบุรจญ์เคาะลีฟะฮ์,สงบ,หมาป่า,ต๊อกบกกี,ยูทูบเบอร์,หน้ากาก,ลมพายุ,อิมเพรสชันนิสม์,พะยอม,เขียวมะนาว
พิพิธภัณฑ์ลูฟร์,อบอุ่น,นกฮูก,กิมจิ,ติ๊กต็อกเกอร์,เหรียญทอง,แสงแดด,เซอเรียลลิสม์,กระดังงา,เหลืองเลมอน
เกรทแบร์ริเออร์รีฟ,โดดเดี่ยว,โคอาล่า,บะหมี่กึ่งสำเร็จรูป,ช่างภาพ,อัญมณี,อากาศหนาว,แอ็บสแตรกต์,สายหยุด,ส้มสด
ทะเลเดดซี,อ่อนโยน,แพนด้า,ไก่ทอด,นักเขียน,สร้อยคอ,อากาศร้อน,ป๊อปอาร์ต,การเวก,น้ำเงินเข้ม
มหาวิหารมิลาน,เคียดแค้น,จิ้งจอก,แซนด์วิช,นักข่าว,แหวนหัวใจ,รุ่งอรุณ,แฟชั่น,เล็บมือนาง,เทาเข้ม
ปราสาทนอยชวานสไตน์,อึดอัด,เสือดาว,ข้าวราดแกง,บรรณาธิการ,โล่ป้องกัน,ยามเย็น,คิวบิสม์,พวงคราม,ขาวครีม
เกาะเจจู,ผ่อนคลาย,แรด,ไข่เจียว,มัณฑนากร,หัวลูกศร,ดาวตก,กอธิค,พวงแสด,เขียวไข่กา
อ่าวฮาลอง,เพ้อฝัน,ควาย,แกงส้ม,นักวิจัย,รองเท้าไม้,จันทรคราส,บารอก,เฟื่องฟ้า,แดงอิฐ
ถ้ำอาชันตา,สะใจ,วัว,ลาบหมู,นักวิทยาศาสตร์,มีดพก,น้ำขึ้นน้ำลง,ร็อคโกโก,คุณนายตื่นสาย,เหลืองไพร
เขื่อนสามผา,อ่อนเพลีย,เป็ด,กุ้งเผา,ทันตแพทย์,เข็มกลัด,กระแสน้ำ,มินิมอลลิสม์,แพรเซี่ยงไฮ้,ชมพูอ่อน
ตึกไทเป 101,ร้อนรน,ไก่,ต้มข่าไก่,สัตวแพทย์,ปิ่นปักผม,ลมมรสุม,คอนเทมโพรารี,บานบุรี,เขียวตองอ่อน
มหาวิหารซากราดา,มึนงง,แกะ,ห่อหมก,นักประวัติศาสตร์,ตุ้มหู,ฝนฟ้าคะนอง,ภาพประกอบ,ชวนชม,ม่วงลาเวนเดอร์
เกาะบาหลี,ปลื้ม,แพะ,ไส้กรอก,นักโบราณคดี,กำไล,พายุฝุ่น,แอนิเมชัน,โป๊ยเซียน,ฟ้าเทอร์ควอยซ์
พระราชวังฤดูร้อน,อดสู,ลา,ขาหมู,นักเศรษฐศาสตร์,ลูกประคำ,ทะเลหมอก,ดนตรีพื้นเมือง,เยอร์บีร่า,แดงกำมะหยี่
สวนสนุกดิสนีย์แลนด์,อิ่มเอม,อูฐ,ต้มเครื่องใน,วิศวกรไฟฟ้า,พรมปูพื้น,ดาวหาง,ดนตรีอิเล็กทรอนิกส์,เบญจมาศ,ขาวนวล
ตลาดน้ำดำเนินสะดวก,สยองขวัญ,นกยูง,สลัดผัก,ช่างก่อสร้าง,หม้อดินเผา,อุกกาบาต,ภาพถ่ายพอร์ตเทรต,คาร์เนชั่น,เขียวเข้ม
อุทยานแห่งชาติเยลโลว์สโตน,สะพรึง,หงส์,ซุปเห็ด,ช่างยนต์,พลั่ว,ลูกเห็บตก,ทัศนศิลป์,ลิลลี่,ฟ้าหมอก
ยอดเขาเอเวอเรสต์,เลื่อมใส,นกกระจอกเทศ,กุ้งอบวุ้นเส้น,พนักงานธนาคาร,ถังไม้,คลื่นความเย็น,สตรีทอาร์ต,ทิวลิป,เหลืองนวล
หมู่บ้านชิราคาวาโกะ,ศรัทธา,นกเพนกวิน,สุกี้ยากี้,พนักงานขาย,เชิงเทียน,ลมพายุทราย,โฟล์ก,ไฮเดรนเยีย,ส้มพาสเทล
เกาะซันโตรินี,อับอาย,นกแก้ว,โซบะ,ประกันภัย,ตราแผ่นดิน,คลื่นใต้น้ำ,ร็อกแอนด์โรล,ทานตะวันแคระ,เขียวมิ้นท์
ตึกเอ็มไพร์สเตต,ท้อแท้,แมวน้ำ,เทมปุระ,นักอุตุนิยมวิทยา,สังกะสี,ฝนละออง,ฟิวชั่นแจ๊ส,ดาวเรือง,ชมพูพีช
ลอนดอนอาย,ฮึกเหิม,สิงโตทะเล,ราเม็ง,นักสถิติ,คัมภีร์,พายุหมุน,นิวเวฟ,เข็ม,แดงเลือดนก
สะพานโกลเดนเกต,อบอุ่นใจ,วอลรัส,ข้าวหน้าเนื้อ,เกษตรกร,เครื่องเทศ,แผ่นดินเลื่อน,ป๊อปคอร์น (แนวเพลง),พิกุล,ฟ้าอ่อน
ประตูชัยฝรั่งเศส,ใจหาย,ปู,ทาโกะยากิ,ประมง,โลหะ,ลมบก,โอเปร่า,กุหลาบหิน,เหลืองขมิ้น
โบสถ์เซนต์ปีเตอร์,พะวง,กุ้ง,โอโคโนมิยากิ,พ่อค้า,ศิลาจารึก,ลมทะเล,ละครเพลง,มะลิซ้อน,ม่วงอ่อน
หอคอยลอนดอน,เคลิ้ม,หอย,เกี๊ยวซ่า,แม่ค้า,ลูกแก้ว,กระแสลมกรด,ศิลปะยืนยาว,พุดพิชญา,เทาเมทัลลิก
ย่านชิบูย่า,ขัดเขิน,ปลาการ์ตูน,เป็ดพะโล้,บริกร,ช้อนเงิน,เมฆเซอรัส,ประติมากรรมทราย,พุดซ้อน,เขียวมะกอก
เกาะพีพี,โหยหา,ปลาฉลาม,หมูกรอบ,บาร์เทนเดอร์,จานกระเบื้อง,เมฆคิวลูมัส,ภาพวาดสีน้ำ,ราตรี,ส้มมืด
ไร่ชาที่เชียงราย,เสียใจ,วาฬเพชฌฆาต,ข้าวขาหมู,ช่างทำผม,ตะกร้าหวาย,เมฆคิวมูโลนิมบัส,ภาพวาดสีน้ำมัน,โมก,แดงไวน์
ถนนสายประวัติศาสตร์,ตกใจ,กระเบน,ข้าวยำ,ช่างแต่งหน้า,ถุงย่าม,ฝนเหลือง (ธรรมชาติ),ภาพวาดสีฝุ่น,แก้ว,นครหลวง
มหาวิหารโคโลญ,ประหลาดใจ,เต่า,แกงป่า,นายแบบ,เสื่อไม้ไผ่,ฝุ่นละออง,ภาพวาดลายเส้น,เข็มพวง,ขาวขุ่น
ปราสาทปราก,สลดใจ,กบ,ไก่ย่าง,นางแบบ,ร่มกระดาษ,หยาดน้ำค้าง,สื่อผสม,อัญชันฝรั่ง,เขียวพาสเทล
พิพิธภัณฑ์อังกฤษ,ห่วงใย,คางคก,ปลาเผา,นักแปล,ขวดแก้ว,เหมยขาบ,ศิลปะดิจิทัล,บัวดิน,ฟ้านวล
อาสนวิหารแซงต์-เซซีล,ใจเสีย,จิ้งจก,ส้มตำไทย,ล่าม,กาต้มน้ำ,แม่คะนิ้ง,ศิลปะจัดวาง,แววมยุรา,ชมพูตุ่น
พระราชวังต้องห้าม,เบิกบาน,ตุ๊กแก,ส้มตำปูปลาร้า,มัคคุเทศก์,ถ้วยชา,แสงซอด,วิดีโออาร์ต,พีค็อก,เหลืองสด
สวนพฤกษศาสตร์,สง่างาม,ตะกวด,น้ำตกหมู,คนขับรถ,ปิ่นโต,ลมพัดแรง,ศิลปะการแสดง,เล็บครุฑ,ม่วงเข้ม
ตึกแฝดเปโตรนาส,เยือกเย็น,งูโคร่ง,คอหมูย่าง,กัปตันเรือ,ตะเกียบ,อากาศแปรปรวน,กวี,บอนสี,แดงทับทิม
วิหารพาเธนอน,หดหู่,งูเห่า,ไส้อั่ว,กุ๊ก,หมอนอิง,น้ำป่าไหลหลาก,วรรณกรรม,สาวสันทราย,เขียวใบไม้
ถ้ำมรกต,ริษยา,แมงมุม,น้ำพริกหนุ่ม,แม่บ้าน,ผ้าห่ม,ดินถล่ม,นวนิยาย,พลับพลึง,ฟ้าคราม
เขาตะปู,เวทนา,ตั๊กแตน,ขนมจีน,รปภ.,เตียงนอน,หิมะโปรย,เรื่องสั้น,แพงพวย,ชมพูกุหลาบ
สะพานพระราม 8,ยำเกรง,มด,แกงไตปลา,บุรุษไปรษณีย์,โต๊ะไม้,แดดจัด,เรียงความ,ลีลาวดีแคระ,ส้มแสด
อาสนวิหารนอร์ธเทรอดาม,ปรีดา,ผึ้ง,ผัดเผ็ด,นักพยากรณ์,เก้าอี้โยก,แสงจันทร์,บทละคร,ชงโค,เทาบุหรี่
สวนลุมพินี,ปลื้มจิต,ผีเสื้อ,หมูสะเต๊ะ,ที่ปรึกษา,ตู้เสื้อผ้า,เมฆบาง,ดนตรีไทย,ตะแบก,ขาวใส
วัดร่องขุ่น,เขินอาย,แมลงปอ,ข้าวเหนียวมะม่วง,เลขานุการ,โทรศัพท์,ลมโชย,ดนตรีสากล,หางนกยูง,เขียวเข้ม
เกาะกูด,เคือง,ตั๊กแตนตำข้าว,ทองหยิบ,นักการตลาด,วิทยุ,รัศมีดวงอาทิตย์,ขลุ่ย,กัลปพฤกษ์,แดงเพลิง
ตึกมหานคร,หมั่นไส้,แมลงสาบ,ทองหยอด,นักขาย,โทรทัศน์,ฝนพรำ,ระนาด,กาหลง,ฟ้าสว่าง
ตลาดจตุจักร,อาฆาต,ยุง,ฝอยทอง,แคชเชียร์,พัดลม,ลมพายุหมุน,ซออู้,โยทะกา,เหลืองไข่
ศาลพระพรหม,ละอาย,แมลงวัน,ขนมครก,พนักงานคลังสินค้า,เตารีด,ลมตะวันออก,พิณ,สร้อยอินทนิล,ม่วงพาสเทล
วัดอรุณ,ปลง,จิ้งหรีด,ข้าวเหนียวปิ้ง,ช่างซ่อมบำรุง,จักรเย็บผ้า,ลมตะวันตก,เปียโน,พวงหยก,เทาเงิน
พระธาตุดอยสุเทพ,วางเฉย,ปลวก,สังขยา,พนักงานทำความสะอาด,กรรไกร,ลมใต้,กีตาร์,การะเกด,ขาวบริสุทธิ์
เกาะเสม็ด,วู่วาม,เห็บ,ขนมถ้วย,ชาวนา,เข็มเย็บผ้า,ลมเหนือ,กลอง,เข็มปัตตาเวีย,เขียวอ่อน
ถ้ำเลเขากอบ,สุขุม,หมัด,กล้วยบวชชี,ชาวสวน,ไหมพรม,ท้องฟ้าสีแดง,ไวโอลิน,พวงแสดเถา,แดงก่ำ
ปราสาทหินพนมรุ้ง,เย่อหยิ่ง,ไร,ลอดช่อง,ชาวไร่,ตะปู,แสงสีทอง,แซกโซโฟน,บานชื่น,ฟ้าอมเทา
วัดโพธิ์,เจียมตัว,ทาก,ทับทิมกรอบ,พ่อครัว,ค้อน,ฟ้าแลบ,ทรัมเป็ต,ดาวกระจาย,เหลืองทองคำ
ถนนข้าวสาร,ถ่อมตัว,ไส้เดือน,บัวลอย,ผู้จัดการ,ไขควง,ฟ้าร้องคำราม,แทมบูรีน,รักเร่,ม่วงมังคุด
เกาะเต่า,มุมานะ,กิ้งกือ,ขนมเทียน,ผู้อำนวยการ,ประแจ,เมฆฝน,กีตาร์เบส,แวววิเชียร,ชมพูสด
หาดป่าตอง,อุตสาหะ,ตะขาบ,ขนมเข่ง,อธิบดี,เลื่อย,ลมเย็น,คีย์บอร์ด,พุดตาน,เขียวมรกต
วัดพระธาตุพนม,ทระนง,แมงป่อง,ขนมปัง,รัฐมนตรี,คีม,ไอน้ำ,ซินธิไซเซอร์,มะลิฉัตร,ส้มทอง
อุทยานประวัติศาสตร์อยุธยา,หึกเหิม,ม้าน้ำ,เค้ก,นายกรัฐมนตรี,ตลับเมตร,หมอกหนา,ดีเจ,โมกมัน,แดงกุหลาบ
หอชมเมือง,กล้าหาญ,ปลาหมึก,คุกกี้,สส.,สิ่ว,อากาศแห้ง,แร็พ,พิกุลแก้ว,ฟ้าหม่น
สวนสัตว์ซาฟารีเวิลด์,เสียสละ,หอยเชลล์,โดนัท,สว.,กบเหลาดินสอ,ความชื้น,ฮิปฮอป,บัวสาย,เหลืองนวล
อาสนวิหารแม่พระ,เอื้อเฟื้อ,ปลาดาว,ไอศกรีม,ผู้ใหญ่บ้าน,ยางลบ,พายุโซนร้อน,เทคโน,บัวสวรรค์,ม่วงอ่อน
ประตูเมือง,อารี,แมงกะพรุน,ช็อกโกแลต,กำนัน,ไม้บรรทัด,พายุดีเปรสชัน,เฮาส์,บัวเผื่อน,เทาจาง
ป้อมปราการ,ปรานี,เม่น,นมสด,ปลัด,สมุด,พายุไซโคลน,ทรานซ์,พลับพลึงธาร,ขาวนวล
ตึกกระทรวง,อดทน,ตุ่น,กาแฟ,เภสัชกร,ปากกา,พายุไต้ฝุ่น,แดนซ์,รองเท้านารี,เขียวใบเตย
สนามบินสุวรรณภูมิ,อดกลั้น,ตุ่นปากเป็ด,ชาเขียว,สถาปนิก,ดินสอ,พายุเฮอริเคน,อะคูสติก,ช้างน้าว,แดงอิฐ
สถานีรถไฟหัวลำโพง,ขยัน,บีเวอร์,ชาเย็น,มัณฑนากร,สีไม้,แสงแดดจัด,ออร์เคสตรา,เอื้องคำ,ฟ้ายีนส์
สะพานพุทธ,เพียร,นาก,น้ำแดง,วิศวกรโยธา,พู่กัน,รุ้งสองชั้น,ประสานเสียง,เอื้องผึ้ง,เหลืองดิน
เสาชิงช้า,มัธยัสถ์,ตัวนิ่ม,น้ำมะนาว,วิศวกรเครื่องกล,จานสี,เงา,เต้นรำ,เอื้องโมก,ม่วงเม็ดมะปราง
พิพิธภัณฑ์สถานแห่งชาติ,ประหยัด,อาร์มาดิลโล,น้ำส้ม,วิศวกรเคมี,เฟรมผ้าใบ,สะท้อน,บัลเล่ต์,ฟ้าประดิษฐ์,ชมพูอมส้ม
หอสมุดแห่งชาติ,สะอาด,สลอธ,น้ำองุ่น,นักเขียนโปรแกรม,ดินน้ำมัน,ความมืด,ระบำ,กระดุมทอง,เขียวขี้ม้า
ท้องฟ้าจำลอง,สุภาพ,ค้างคาว,น้ำสับปะรด,นักวิเคราะห์ข้อมูล,กระดาษ,ความสว่าง,กายกรรม,ดาวเรืองฝรั่ง,แดงเลือดนก
ตึกรัฐสภา,อ่อนน้อม,กระรอก,น้ำแตงโม,นักวิทยาศาสตร์,กาว,คลื่น,มายากล,ผกากรอง,ฟ้าคราม
สวนสาธารณะ,ว่านอนสอนง่าย,กระแต,น้ำมะพร้าว,นักดนตรี,เทปกาว,กระแสน้ำ,ลำตัด,หงอนไก่,เหลืองมัสตาร์ด
สนามหลวง,ดื้อรั้น,หนู,น้ำเก๊กฮวย,จิตรกร,ลวดเย็บกระดาษ,น้ำค้างแข็ง,ลิเก,บานชื่นหนู,ม่วงลาเวนเดอร์
คลองแสนแสบ,ดื้อดึง,หนูพุก,น้ำกระเจี๊ยบ,ประติมากร,กรรไกรตัดกระดาษ,หิมะละลาย,โขน,สร้อยทอง,เทาถ่าน
ตลาดร่มหุบ,อวดดี,แมวป่า,น้ำอัญชัน,ช่างภาพ,คัตเตอร์,แผ่นดินแยก,หนังตะลุง,ดาวกระจายแคระ,ขาวมุก
ภูชี้ฟ้า,ถือตัว,สิงโตภูเขา,น้ำลำไย,กราฟิกดีไซน์,แฟ้ม,ภูเขาถล่ม,หุ่นละครเล็ก,ทานตะวันเม็กซิโก,เขียวมะกอก
ดอยอินทนนท์,หยิ่งยโส,เสือปลา,น้ำมะตูม,แอนิเมเตอร์,ซองจดหมาย,แผ่นดินไหวใหญ่,เพลงลูกทุ่ง,รักเร่แคระ,แดงทับทิม
ดอยอ่างขาง,ใจแคบ,เสือไฟ,น้ำใบบัวบก,บรรณาธิการ,แสตมป์,ลาวาไหล,เพลงลูกกรุง,แพงพวยฝรั่ง,ฟ้าอมเขียว
ดอยแม่สลอง,ใจกว้าง,ไฮยีน่า,น้ำเต้าหู้,นักข่าว,โปสการ์ด,เถ้าภูเขาไฟ,เพลงเพื่อชีวิต,กุหลาบหนู,เหลืองขมิ้น
ปางอุ๋ง,ใจร้อน,หมาจิ้งจอก,นมเย็น,ผู้ประกาศข่าว,กล่องพัสดุ,เมฆพายุ,เพลงสตริง,มะลิลา,ม่วงดอกรัก
กว๊านพะเยา,ใจเย็น,หมาป่าสีเทา,ชามะนาว,นักจัดรายการวิทยุ,กระเป๋าเงิน,ฝนซัด,เพลงสากล,พุดน้ำบุศย์,เทาอ่อน
ลุ่มน้ำโขง,ใจบุญ,หมาป่าแดง,ชาร้อน,พิธีกร,กระเป๋าเป้,ลมหนาว,เพลงบรรเลง,ราตรีสวรรค์,ขาวงาช้าง
ทะเลสาบสงขลา,ใจร้าย,สุนัขจิ้งจอกแคระ,กาแฟร้อน,ยูทูบเบอร์,กระเป๋าเดินทาง,ลมร้อน,เพลงประสานเสียง,บานไม่รู้โรย,เขียวหัวเป็ด
หาดหัวหิน,ใจสู้,นกอินทรีทอง,กาแฟดำ,สตรีมเมอร์,หมวก,อากาศนิ่ง,ดนตรีแจ๊ส,ดาวเรืองใหญ่,แดงเชอร์รี่
หาดชะอำ,ใจเสาะ,นกเหยี่ยว,ลาเต้,นักแคสเกม,ถุงมือ,รังสีความร้อน,ดนตรีคลาสสิก,ลิลลี่พุต,ฟ้าใส
อ่าวนาง,ใจดำ,นกแร้ง,คาปูชิโน่,นักพากย์,ถุงเท้า,คลื่นยักษ์สึนามิ,ดนตรีร็อก,กล้วยไม้ดิน,เหลืองครีม
เกาะสมุย,ใจดี,นกยูงไทย,มอคค่า,ผู้กำกับ,รองเท้าผ้าใบ,แผ่นดินสั่นสะเทือน,ดนตรีป๊อป,ทับทิม,ม่วงตุ่น
เกาะพะงัน,ร้ายกาจ,นกยูงอินเดีย,เอสเพรสโซ่,คนเขียนบท,รองเท้าหนัง,ลมตะวันออกเฉียงเหนือ,ดนตรีพื้นบ้าน,แก้วมุกดา,เทาดำ
เกาะหลีเป๊ะ,ดีงาม,นกขุนทอง,อเมริกาโน่,ช่างไฟ,แว่นตา,ลมตะวันตกเฉียงใต้,ศิลปะจีน,พุดศุภโชค,ขาวขุ่น
หมู่เกาะสิมิลัน,งดงาม,นกเอี้ยง,มัคคิอาโต้,ช่างประปา,แว่นกันแดด,พายุฝนฟ้าคะนอง,ศิลปะญี่ปุ่น,แปรงล้างขวด,เขียวขี้ม้า
หมู่เกาะสุรินทร์,เลอค่า,นกกระจิบ,โกโก้,ช่างไม้,นาฬิกาข้อมือ,เมฆประดับ,ศิลปะอินเดีย,หางนกยูงฝรั่ง,แดงเพลิง
อุทยานเขาสก,ล้ำค่า,นกกระจาบ,ช็อกโกแลตร้อน,ช่างปูน,แหวน,หมอกจาง,ศิลปะอียิปต์,ราชพฤกษ์,ฟ้าหมอก
ถ้ำเชียงดาว,มีค่า,นกพิราบ,ไวท์ช็อกโกแลต,ช่างเหล็ก,สร้อยข้อมือ,แสงอรุณ,ศิลปะโรมัน,ชัยพฤกษ์,เหลืองมะปราง
น้ำตกทีลอซู,ไร้ค่า,นกนางนวล,คุกกี้แอนด์ครีม,ช่างทาสี,ต่างหู,แสงสุดท้าย,ศิลปะกรีก,ศรีตรัง,ม่วงคราม
น้ำตกเอราวัณ,จริงใจ,นกเป็ดน้ำ,วานิลลาลาเต้,สถาปนิกผังเมือง,เข็มขัด,อากาศบริสุทธิ์,ศิลปะร่วมสมัย,แคฝรั่ง,เทาฟ้า
น้ำตกพลิ้ว,หลอกลวง,นกเป็ดเทา,คาราเมลมัคคิอาโต้,วิศวกรสิ่งแวดล้อม,เนกไท,ความดันอากาศ,ศิลปะประยุกต์,กัลปพฤกษ์,ขาวนวล
ทะเลบัวแดง,ซื่อสัตย์,นกหงส์หยก,ชาไทย,นักสมุทรศาสตร์,โบว์,ทิศทางลม,จิตรกรรมไทย,อินทนิลน้ำ,เขียวมะนาว
ภูกระดึง,คดโกง,นกเลิฟเบิร์ด,ชามะลิ,นักดาราศาสตร์,ผ้าพันคอ,แรงลม,ประติมากรรมไทย,เสลา,แดงสด
ผาแต้ม,กตัญญู,นกค็อกคาเทล,ชาอู่หลง,นักธรณีวิทยา,เสื้อยืด,ความเร็วลม,สถาปัตยกรรมไทย,ตะแบกนา,ฟ้าคราม
สามพันโบก,เนรคุณ,นกฟินซ์,ชาดำ,นักชีววิทยา,กางเกงยีนส์,ฝนพร่ำ,วรรณคดีไทย,ยี่โถ,เหลืองอำพัน
ปากน้ำโพ,เมตตา,นกกระจอก,ชาผลไม้,นักเคมี,กระโปรง,หยาดฝน,นาฏศิลป์ไทย,อรพิม,ม่วงเข้ม
บึงบอระเพ็ด,กรุณา,นกเขา,น้ำผลไม้รวม,นักฟิสิกส์,ชุดกระโปรง,ลูกเห็บขนาดเล็ก,ดนตรีไทยเดิม,เล็บมือนาง,เทาเข้ม
ทะเลสาบสงขลา,อำมหิต,นกกระสา,น้ำนิ่ง,นักคณิตศาสตร์,เสื้อกันหนาว,หิมะหนัก,เพลงฉ่อย,พวงแสด,ขาวมุก
แหลมพรหมเทพ,โหดร้าย,นกกระเรียน,น้ำแร่,นักมานุษยวิทยา,เสื้อเชิ้ต,ฟ้าเปิด,ลำตัด,พวงชมพู,เขียวขี้ม้า
หาดทรายแก้ว,อารมณ์เสีย,นกกระทา,น้ำอัดลม,นักสังคมวิทยา,กางเกงขาสั้น,แสงจันทร์วันเพ็ญ,รำวง,พวงคราม,แดงก่ำ
หาดแม่รำพึง,อารมณ์ดี,ไก่ป่า,น้ำโซดา,นักรัฐศาสตร์,ชุดว่ายน้ำ,ดาวเคียงเดือน,หุ่นกระบอก,พวงหยก,ฟ้าอ่อน
อ่าวคุ้งกระเบน,มีพลัง,ไก่ฟ้า,น้ำมะนาวโซดา,นักปรัชญา,ชุดกีฬา,ดาวตก,ละครนอก,สร้อยอินทนิล,เหลืองอ่อน
วังน้ำเขียว,อ่อนแอ,เป็ดไข่,น้ำแดงโซดา,นักภาษาศาสตร์,ชุดสูท,ฝนหลงฤดู,ละครใน,อัญชัน,ม่วงอ่อน
ทุ่งแสลงหลวง,เข้มแข็ง,เป็ดเทศ,น้ำเขียวโซดา,นักโบราณคดี,เนกไท,พายุฤดูร้อน,ลิเกป่า,ต้อยติ่ง,เทาเงิน
ทุ่งดอกกระเจียว,สดชื่น,ห่าน,น้ำส้มโซดา,ภัณฑารักษ์,กระดุม,ลมพัดเอื่อย,หนังใหญ่,บัวบก,ขาวบริสุทธิ์
ป่าคำชะโนด,เหนื่อยล้า,ห่านเทา,ชามะนาวน้ำผึ้ง,มัคคุเทศก์,ซิป,อากาศชื้น,เพลงพื้นบ้าน,ฟ้าทะลายโจร,เขียวอ่อน
ถ้ำนาคา,มีความหวัง,งูเหลือม,ชาเขียวนม,เจ้าหน้าที่ป่าไม้,ด้าย,ความแห้งแล้ง,เพลงกล่อมเด็ก,ขิง,แดงสด
ผาหัวสิงห์,สิ้นหวัง,งูหลาม,ชาเขียวมะลิ,เจ้าหน้าที่ประมง,เข็มหมุด,น้ำท่วม,เพลงแห่นางแมว,ข่า,ฟ้าใส
ม่อนแจ่ม,สนุกสนาน,งูจงอาง,ชาพีช,เจ้าหน้าที่ปศุสัตว์,เข็มเย็บผ้า,แผ่นดินแห้ง,เพลงเกี่ยวข้าว,ตะไคร้,เหลืองนวล
ดอยเสมอดาว,น่าเบื่อ,งูสามเหลี่ยม,ชาลิ้นจี่,สัตวแพทย์,จักรเย็บผ้า,ดินระเบิด (ธรรมชาติ),เพลงเรือ,กะเพรา,ม่วงพาสเทล
อุทยานไทรโยค,ตื่นตาตื่นใจ,งูเขียว,ชากุหลาบ,สัตวบาล,เตารีด,ลาวา,เพลงพวงมาลัย,โหระพา,เทาเมทัลลิก
น้ำตกคอนพะเพ็ง,แปลกประหลาด,งูดิน,ชาอัญชัน,เกษตรกร,โต๊ะรีดผ้า,หินงอก,ดนตรีพื้นเมือง,แมงลัก,ขาวใส
โบโรบูดูร์,อัศจรรย์,งูทะเล,ชาขาว,ชาวไร่,ไม้แขวนเสื้อ,หินย้อย,ศิลปะขอม,ผักชี,เขียวเข้ม
นครธม,มหัศจรรย์,ตะพาบ,น้ำใบเตย,ชาวสวน,ไม้หนีบผ้า,ถ้ำหินปูน,ศิลปะล้านนา,ต้นหอม,แดงเพลิง
ปราสาทบายน,งงงวย,เต่าบก,น้ำเก๊กฮวย,คนสวน,ราวตากผ้า,บ่อน้ำร้อน,ศิลปะอยุธยา,พริก,ฟ้าสว่าง
วิหารทองคำ,เคลิบเคลิ้ม,เต่าทะเล,น้ำรากบัว,คนขับรถบรรทุก,ตะกร้าผ้า,น้ำพุร้อน,ศิลปะรัตนโกสินทร์,มะเขือ,เหลืองไข่
มัสยิดสีน้ำเงิน,คลั่งไคล้,เต่านา,น้ำลำไย,คนขับรถเมล์,กะละมัง,ไกเซอร์,ศิลปะสุโขทัย,มะนาว,ม่วงพาสเทล
อาสนวิหารรีมส์,บูชา,เต่าหับ,น้ำพุทราจีน,คนขับรถแท็กซี่,ถังน้ำ,โพรงถ้ำ,ศิลปะทวารวดี,มะละกอ,เทาเงิน
พระราชวังฤดูหนาว,เคารพ,กิ้งก่า,น้ำกระเจี๊ยบ,คนขับรถตู้,ขันน้ำ,ถ้ำใต้ดิน,ศิลปะศรีวิชัย,กล้วย,ขาวบริสุทธิ์
หอระฆังใหญ่,นับถือ,กิ้งก่าบิน,น้ำมะตูม,คนขับรถไฟ,ฝักบัว,ปากปล่องภูเขาไฟ,ศิลปะลพบุรี,มะม่วง,เขียวอ่อน
กำแพงเบอร์ลิน,ยอมรับ,กิ้งก่าทอง,น้ำใบบัวบก,กัปตันเครื่องบิน,อ่างอาบน้ำ,ลำธาร,ศิลปะเชียงแสน,ส้ม,แดงก่ำ
บันไดสเปน,ปฏิเสธ,จิ้งเหลน,น้ำมะขาม,ต้นหน,ส้วม,น้ำตก,ศิลปะอู่ทอง,สับปะรด,ฟ้าอมเทา
น้ำพุเทรวี,ต่อต้าน,ตุ๊กแกบ้าน,น้ำอ้อย,ลูกเรือ,อ่างล้างหน้า,แก่ง,วรรณกรรมโลก,แตงโม,เหลืองทองคำ
มหาวิหารฟลอเรนซ์,ยินยอม,ตุ๊กแกป่า,น้ำตาลสด,พนักงานต้อนรับบนเครื่องบิน,กระจก,โตรกธาร,มหากาพย์,องุ่น,ม่วงมังคุด
สะพานริอัลโต,ดื้อดึง,แย้,นมถั่วเหลือง,พนักงานต้อนรับบนภาคพื้น,หวี,ชะง่อนผา,นิทานพื้นบ้าน,สตอเบอรี่,ชมพูสด
คลองเวนิส,เชื่อฟัง,สละ,นมอัลมอนด์,ช่างภาพนิ่ง,แปรงสีฟัน,ยอดเขา,ตำนาน,บลูเบอร์รี่,เขียวมรกต
เกาะคาปรี,ภักดี,ตะกวด,นมข้าวโพด,ช่างภาพวิดีโอ,ยาสีฟัน,หน้าผา,นิยายวิทยาศาสตร์,ราสเบอร์รี่,ส้มทอง
มหาวิหารเอสเทอร์กอม,ทรยศ,เหี้ย,นมมะพร้าว,ผู้กำกับภาพ,สบู่,หุบเขา,แฟนตาซี,กีวี่,แดงกุหลาบ
ปราสาทบูดา,หวาดระแวง,แมลงสาบ,นมเม็ดมะม่วงหิมพานต์,ช่างเทคนิคแสง,แชมพู,ที่ราบสูง,สยองขวัญ,มะพร้าว,ฟ้าหม่น
สะพานโซ่,ไว้ใจ,ยุงลาย,นมพิสตาชิโอ,ช่างเทคนิคเสียง,ครีมนวดผม,ที่ราบ,สืบสวนสอบสวน,มะขาม,เหลืองนวล
อาคารรัฐสภาฮังการี,ระวังตัว,ยุงรำคาญ,นมแพะ,ช่างเทคนิคเวที,โฟมล้างหน้า,ทุ่งหญ้า,ผจญภัย,มะไฟ,ม่วงอ่อน
จัตุรัสแดง,เผลอตัว,ยุงก้นปล่อง,นมวัว,ผู้ดูแลเสื้อผ้า,ครีมทาผิว,ป่าดิบชื้น,โรแมนติก,มะปราง,เทาจาง
มหาวิหารเซนต์ไอแซก,พลาดพลั้ง,แมลงวันบ้าน,ไอศกรีมวานิลลา,ช่างแต่งหน้า,แป้งฝุ่น,ป่าเบญจพรรณ,ดราม่า,มะเขือเทศ,ขาวนวล
พระราชวังปีเตอร์ฮอฟ,สำนึกผิด,แมลงวันหัวเขียว,ไอศกรีมช็อกโกแลต,ช่างทำผม,ลิปสติก,ป่าสน,คอมเมดี้,แตงกวา,เขียวใบเตย
พิพิธภัณฑ์เฮอร์มิเทจ,ภูมิใจ,แมลงวันทอง,ไอศกรีมสตรอเบอรี่,สไตลิสต์,ยาทาเล็บ,ป่าชายเลน,แอ็คชั่น,ถั่วฝักยาว,แดงอิฐ
มหาวิหารเซนต์พอล,ละอายใจ,ผึ้งหลวง,ไอศกรีมกะทิ,นักวิจัยตลาด,น้ำหอม,ป่าพรุ,ระทึกขวัญ,ถั่วเขียว,ฟ้ายีนส์
หอคอยบิ๊กเบน,ริษยา,ผึ้งโพรง,ไอศกรีมทุเรียน,นักวางแผนกลยุทธ์,สำลี,ป่าละเมาะ,ปรัชญา,ถั่วแดง,เหลืองดิน
เวสต์มินสเตอร์แอบบีย์,อิจฉา,มิ้ม,ไอศกรีมมะม่วง,นักวิเคราะห์การเงิน,คอตตอนบัด,หาดทราย,ประวัติศาสตร์,ถั่วเหลือง,ม่วงเม็ดมะปราง
สะพานทาวเวอร์บริดจ์,ยินดี,ชันโรง,ไอศกรีมกาแฟ,นายธนาคาร,กรรไกรตัดเล็บ,หาดหิน,ชีวประวัติ,ถั่วดำ,ชมพูอมส้ม
พระราชวังบักกิงแฮม,เสียใจ,ตัวต่อ,ไอศกรีมชาเขียว,โบรกเกอร์,มีดโกน,แหลม,สารคดี,งาขาว,เขียวขี้ม้า
มหาวิหารแคนเทอร์เบอรี,ดีใจ,แตน,เค้กช็อกโกแลต,ตัวแทนอสังหาริมทรัพย์,แผ่นมาส์กหน้า,อ่าว,สถาปัตยกรรม,งาดำ,แดงเลือดนก
ปราสาทเอดินบะระ,ร้องไห้,มดแดง,เค้กวานิลลา,พนักงานขายหน้าร้าน,ไดร์เป่าผม,ทะเล,ประติมากรรม,ข้าวหอมมะลิ,ฟ้าคราม
สโตนเฮนจ์,หัวเราะ,มดดำ,เค้กส้ม,แคชเชียร์,เครื่องหนีบผม,มหาสมุทร,จิตรกรรม,ข้าวเหนียว,เหลืองมัสตาร์ด
กำแพงเฮเดรียน,ยิ้ม,มดตะนอย,เค้กใบเตย,พนักงานคลังสินค้า,เครื่องดูดฝุ่น,ร่องลึกก้นสมุทร,ภาพพิมพ์,ข้าวไรซ์เบอร์รี่,ม่วงลาเวนเดอร์
มหาวิหารยอร์ก,บึ้งตึง,มดคันไฟ,เค้กเนย,พนักงานขับรถส่งของ,ไม้กวาด,ไหล่ทวีป,สื่อผสม,ข้าวกล้อง,เทาถ่าน
วิหารลินคอล์น,บ้าคลั่ง,ผีเสื้อกลางวัน,คัพเค้ก,พนักงานรับส่งเอกสาร,ที่ตักผง,เกาะ,ศิลปะดิจิทัล,ข้าวโพด,ขาวมุก
ปราสาทวอร์ริค,มีสติ,ผีเสื้อกลางคืน,บราวนี่,แม่บ้าน,ถังขยะ,หมู่เกาะ,วิดีโออาร์ต,ข้าวสาลี,เขียวมะกอก
วิหารกลอสเตอร์,สมาธิ,แมลงปอเข็ม,มาการอง,พ่อบ้าน,ถูพื้น,อะตอล,ศิลปะจัดวาง,ข้าวโอ๊ต,แดงทับทิม
วิหารเดอแรม,ฟุ้งซ่าน,แมลงปอบ้าน,โดนัทเคลือบน้ำตาล,คนสวน,ผ้าขี้ริ้ว,แนวปะการัง,กราฟฟิตี้,ข้าวบาร์เลย์,ฟ้าอมเขียว
วิหารเอลี,สงบเสงี่ยม,แมลงช้าง,โดนัทช็อกโกแลต,พนักงานรักษาความปลอดภัย,ฟองน้ำ,ภูเขาใต้น้ำ,สตรีทอาร์ต,ลูกเดือย,เหลืองขมิ้น
ปราสาทคาร์ดิฟฟ์,เยือกเย็น,แมลงทับ,เครป,เจ้าหน้าที่ประสานงาน,แปรงขัดพื้น,กระแสน้ำอุ่น,ป๊อปอาร์ต,ถั่วลิสง,ม่วงดอกรัก
ปราสาทคอนวี,ร้อนรุ่ม,ตั๊กแตนกิ่งไม้,วาฟเฟิล,เลขานุการ,น้ำยาถูพื้น,กระแสน้ำเย็น,คิวบิสม์,เมล็ดทานตะวัน,เทาอ่อน
ปราสาทคาร์นาร์วอน,สุขสันต์,ตั๊กแตนใบไม้,แพนเค้ก,ธุรการ,น้ำยาล้างจาน,กระแสน้ำเลียบฝั่ง,เซอเรียลลิสม์,เมล็ดฟักทอง,ขาวงาช้าง
ปราสาทบีวมาริส,ทุกข์ทน,จิ้งหรีดทอง,ขนมปังปิ้ง,พนักงานบุคคล,ผงซักฟอก,คลื่นหัวแตก,อิมเพรสชันนิสม์,เมล็ดแตงโม,เขียวหัวเป็ด
มหาวิหารเซนต์เดวิด,หรรษา,จิ้งหรีดทองแดง,แซนด์วิชแฮมชีส,พนักงานบัญชี,น้ำยาปรับผ้านุ่ม,ทะเลคลั่ง,บารอก,เมล็ดบัว,แดงเชอร์รี่
ปราสาทสเตอร์ลิง,รื่นเริง,แมงมุมบ้าน,แซนด์วิชทูน่า,นักกฎหมาย,ตะกร้าสะพาย,ทะเลเรียบ,ร็อคโกโก,เกาลัด,ฟ้าใส
มหาวิหารกลาสโกว์,บันเทิง,แมงมุมใยกลม,เบอร์เกอร์เนื้อ,ที่ปรึกษากฎหมาย,สุ่มไก่,ลมแรง,กอธิค,อัลมอนด์,เหลืองครีม
วิหารเซนต์ไจลส์,เบิกบาน,แมงมุมกระโดด,เบอร์เกอร์ไก่,ทนายความความ,ข้องใส่ปลา,ลมสงบ,นีโอคลาสสิก,วอลนัท,ม่วงตุ่น
ปราสาทดันนอททาร์,ปรีดา,บึ้ง,ฮอทดอก,อัยการ,แหย่ง,อากาศเย็น,โรแมนติก,แมคคาเดเมีย,เทาดำ
ปราสาทเอนเวอเรส,เปรมปรีดิ์,แมงป่องบ้าน,เฟรนช์ฟรายส์,ผู้พิพากษา,ไถ,อากาศหนาวจัด,เรียลลิสม์,เมล็ดกาแฟ,ขาวขุ่น
มหาวิหารเซนต์แอนดรูว์,ปราโมทย์,แมงป่องป่า,นักเก็ตไก่,ตำรวจจราจร,เคียว,หิมะแรก,เอ็กซ์เพรสชันนิสม์,ใบชา,เขียวขี้ม้า
มหาวิหารอีวรี,โสมนัส,ตะขาบบ้าน,ไก่ทอดหาดใหญ่,ตำรวจสายตรวจ,จอบ,ฝนแรก,นามธรรม,กัญชา,แดงเพลิง
มหาวิหารอาเมียง,พึงพอใจ,ตะขาบป่า,ส้มตำซั่ว,ตำรวจสืบสวน,เสียม,ลมพายุ,โมเดิร์น,กะเพราแดง,ฟ้าหมอก
มหาวิหารแร็งส์,ภูมิใจ,กิ้งกือแดง,ส้มตำไข่เค็ม,ทหารบก,พลั่ว,พายุไซโคลน,คอนเทมโพรารี,กะเพราขาว,เหลืองมะปราง
มหาวิหารชาทร์,มั่นใจ,กิ้งกือกระสุน,ลาบเนื้อ,ทหารเรือ,คราด,พายุไต้ฝุ่น,แฟชั่น,แมงลัก,ม่วงคราม
มหาวิหารบูร์ฌ,ฮึกเหิม,ทากดูดเลือด,น้ำตกเนื้อ,ทหารอากาศ,บัวรดน้ำ,พายุเฮอริเคน,กราฟิก,โหระพา,เทาฟ้า
มหาวิหารโบแว,กล้าหาญ,ปลิง,ตับหวาน,ตำรวจตระเวนชายแดน,กรรไกรตัดหญ้า,พายุดีเปรสชัน,ภาพถ่าย,ตะไคร้หอม,ขาวนวล
มหาวิหารเล็อง,เด็ดเดี่ยว,ไส้เดือนดิน,ซุปหน่อไม้,นักดับเพลิง,เลื่อยลันดา,พายุโซนร้อน,แอนิเมชัน,สะระแหน่,เขียวมะนาว
มหาวิหารนัวยง,แน่วแน่,เพลี้ย,ไส้กรอกอีสาน,พนักงานกู้ภัย,กบไสไม้,ฟ้าหลัว,การ์ตูน,ผักชีฝรั่ง,แดงสด
มหาวิหารซ็องลิส,มุ่งมั่น,มอด,ไข่เจียวปู,แพทย์ผ่าตัด,สว่าน,ฟ้าใส,นิยาย,ผักชีลาว,ฟ้าคราม
มหาวิหารซัวซง,จริงจัง,ปลวกไม้,ไข่ดาว,กุมารแพทย์,ไขควงปากแบน,เมฆน้อย,กวี,ยี่หร่า,เหลืองอำพัน
มหาวิหารตูร์,เคร่งเครียด,แมลงทับ,ไข่ต้ม,วิสัญญีแพทย์,ไขควงแฉก,เมฆมาก,ดนตรี,ผักแพว,ม่วงเข้ม
มหาวิหารน็องต์,เคร่งขรึม,แมลงนูน,ไข่ลวก,อายุรแพทย์,ค้อนหงอน,ฝนตก,ศิลปะ,ชะพลู,เทาเข้ม